match_datetime,country,league,home_team,away_team,home_odds,draw_odds,away_odds,predicted_home_score,predicted_away_score,run_time
2022-01-09 15:15:00,Niger,Ligue 1,Olympic Niamey,Sahel,4.29,2.83,1.92,0.84829605,0.89070237,2022-01-10 18:27:42.836567
2022-01-10 09:30:00,Czech Republic,Tipsport liga,Trnava,Senica,1.47,4.65,5.23,2.274233,1.0178846,2022-01-10 18:27:42.836567
2022-01-10 09:30:00,Indonesia,Liga 1,Persikabo 1973,Persebaya,3.95,3.75,1.72,0.941615,1.367074,2022-01-10 18:27:42.836567
2022-01-10 10:00:00,Sri Lanka,Super League,Renown,Ratnam,1.57,4.09,4.8,1.9066359,0.90375376,2022-01-10 18:27:42.836567
2022-01-10 10:00:00,Sri Lanka,Super League,Defenders FC,New Young's SC,2.05,3.62,2.93,1.0663307,1.2581252,2022-01-10 18:27:42.836567
2022-01-10 11:00:00,Iraq,Super League,Al Sinaah,Al Wasat,2.88,2.73,2.58,0.7783024,0.79241675,2022-01-10 18:27:42.836567
2022-01-10 12:45:00,Saudi Arabia,Division 1,Al Akhdoud,Ohod,2.89,2.87,2.52,1.326236,1.3221548,2022-01-10 18:27:42.836567
2022-01-10 13:00:00,Africa,Africa Cup of Nations,Senegal,Zimbabwe,1.29,5.12,11.67,1.726634,0.5587628,2022-01-10 18:27:42.836567
2022-01-10 13:00:00,England,Professional Development League,Crewe U23,Hull U23,3.31,3.85,1.89,1.4929478,1.8868643,2022-01-10 18:27:42.836567
2022-01-10 13:00:00,England,Professional Development League,Sheffield Wed U23,Coventry U23,3.13,3.89,1.94,1.2286508,1.8182312,2022-01-10 18:27:42.836567
2022-01-10 13:00:00,England,Professional Development League,Millwall U23,Charlton U23,1.67,4.13,4.01,1.9566245,1.1717173,2022-01-10 18:27:42.836567
2022-01-10 13:00:00,Iraq,Super League,Al Shorta,Al Najaf,1.65,3.51,4.8,1.6532122,0.9080176,2022-01-10 18:27:42.836567
2022-01-10 14:00:00,Brazil,Copa Sao Paulo de juniores,Matogrossense U20,Monte Azul U20,1.6,4.19,4.19,1.9093906,1.173167,2022-01-10 18:27:42.836567
2022-01-10 14:00:00,India,ISL,Mumbai City,Bengaluru FC,1.96,3.68,3.4,1.7316227,1.3683442,2022-01-10 18:27:42.836567
2022-01-10 14:00:00,Sri Lanka,Super League,Colombo,Sea Hawks,2.24,3.54,2.64,1.65264,0.9923625,2022-01-10 18:27:42.836567
2022-01-10 14:30:00,England,Premier League 2,Aston Villa U23,Middlesbrough U23,1.76,4.03,3.68,1.994121,1.1833632,2022-01-10 18:27:42.836567
2022-01-10 14:40:00,Kuwait,Premier League,Al Shabab,Al Tadamon,2.79,3.01,2.49,1.2348698,1.0718172,2022-01-10 18:27:42.836567
2022-01-10 14:40:00,Saudi Arabia,Division 1,Al-Nahda,Al Jeel,2.28,3.11,3.03,1.2835407,1.1760998,2022-01-10 18:27:42.836567
2022-01-10 14:45:00,Bahrain,Premier League,Al Khalidiyah,Al-Najma,1.58,3.64,5.59,1.6634281,0.78111815,2022-01-10 18:27:42.836567
2022-01-10 14:45:00,Bahrain,Premier League,Al-Budaiya,East Riffa,3.64,3.34,1.94,1.1157907,1.5223451,2022-01-10 18:27:42.836567
2022-01-10 14:45:00,Saudi Arabia,Division 1,Hajer,Al-Shoalah,2.6,2.93,2.72,1.1181593,1.4840578,2022-01-10 18:27:42.836567
2022-01-10 15:00:00,Cyprus,First Division,Doxa,Paphos,3.08,3.14,2.31,0.9434292,1.4290823,2022-01-10 18:27:42.836567
2022-01-10 16:00:00,Africa,Africa Cup of Nations,Guinea,Malawi,1.54,3.63,7.53,1.5214398,0.23137037,2022-01-10 18:27:42.836567
2022-01-10 16:00:00,Africa,Africa Cup of Nations,Morocco,Ghana,2.35,2.88,3.51,1.3697652,0.6785653,2022-01-10 18:27:42.836567
2022-01-10 16:00:00,Brazil,Copa Sao Paulo de juniores,Aquidauanense U20,Guarani U20,16.14,7.02,1.13,0.7248724,2.8191257,2022-01-10 18:27:42.836567
2022-01-10 16:00:00,Brazil,Copa Sao Paulo de juniores,Jacuipense U20,Fast Clube U20,1.53,3.98,5.2,2.2268867,0.956722,2022-01-10 18:27:42.836567
2022-01-10 16:00:00,Brazil,Copa Sao Paulo de juniores,EC Sao Jose U20,Piracicaba U20,2.42,3.35,2.6,1.5434633,1.3349879,2022-01-10 18:27:42.836567
2022-01-10 16:00:00,Brazil,Copa Sao Paulo de juniores,Concordia U20,Ituano U20,10.82,6.59,1.18,0.71767914,2.6615014,2022-01-10 18:27:42.836567
2022-01-10 16:00:00,Brazil,Copa Sao Paulo de juniores,Fluminense Piaui U20,RB Bragantino U20,2.89,3.34,2.2,1.3596219,1.3219146,2022-01-10 18:27:42.836567
2022-01-10 16:00:00,Brazil,Copa Sao Paulo de juniores,Santana EC U20,Guarulhos U20,25.17,15.13,1.03,0.15924352,2.488695,2022-01-10 18:27:42.836567
2022-01-10 16:00:00,Brazil,Copa Sao Paulo de juniores,Volta Redonda U20,Mauaense U20,1.3,4.82,8.34,3.4016194,0.9218403,2022-01-10 18:27:42.836567
2022-01-10 16:00:00,Brazil,Copa Sao Paulo de juniores,Canaa U20,Portuguesa Santista U20,3.11,3.52,2.02,1.4601015,1.5363704,2022-01-10 18:27:42.836567
2022-01-10 16:00:00,Italy,Serie A,Torino,Fiorentina,3.03,3.37,2.43,1.1047573,1.5054902,2022-01-10 18:27:42.836567
2022-01-10 16:00:00,Portugal,Liga Portugal 2,Benfica B,FC Porto B,2.35,3.47,2.73,1.5452124,1.4162132,2022-01-10 18:27:42.836567
2022-01-10 16:15:00,Brazil,Copa Sao Paulo de juniores,Votuporanguense U20,Bahia U20,2.59,3.36,2.41,1.4528072,1.1377082,2022-01-10 18:27:42.836567
2022-01-10 16:55:00,Kuwait,Premier League,Al Qadisiya,Al Naser,1.41,4.36,6.57,2.1312895,0.7821097,2022-01-10 18:27:42.836567
2022-01-10 17:00:00,Cyprus,First Division,Omonia,Ol. Nicosia,1.59,3.95,5.11,1.827355,0.8575662,2022-01-10 18:27:42.836567
2022-01-10 17:00:00,Gambia,GFA League,Banjul Utd,Team Rhino,2.32,2.82,3.31,0.9380779,0.91508263,2022-01-10 18:27:42.836567
2022-01-10 17:00:00,Israel,Leumit League,Maccabi Bnei Raina,MS Kafr Qasim,2.79,2.86,2.66,1.0736498,1.1489462,2022-01-10 18:27:42.836567
2022-01-10 17:00:00,Israel,Leumit League,Ramat Hasharon,Nes Tziona,3.38,3.09,2.15,0.88360655,1.3307215,2022-01-10 18:27:42.836567
2022-01-10 17:00:00,Israel,Leumit League,Hapoel Petah Tikva,Hapoel Afula,2.48,2.91,2.98,1.2122161,1.2433194,2022-01-10 18:27:42.836567
2022-01-10 17:00:00,Turkey,1. Lig,Altinordu,Keciorengucu,2.94,3.21,2.35,1.0207783,1.5152174,2022-01-10 18:27:42.836567
2022-01-10 17:00:00,Turkey,Super Lig,Fenerbahce,Adana Demirspor,1.8,3.79,4.29,1.8736764,1.3919452,2022-01-10 18:27:42.836567
2022-01-10 17:20:00,Bahrain,Premier League,Manama Club,Al Riffa,3.3,3.41,2.04,1.1987156,1.3342662,2022-01-10 18:27:42.836567
2022-01-10 17:45:00,Netherlands,Eerste Divisie,Jong Utrecht,Jong Ajax,4.33,4.15,1.68,1.242439,1.8781043,2022-01-10 18:27:42.836567
2022-01-10 18:00:00,Portugal,Liga Portugal 2,Nacional,Feirense,1.93,3.44,3.78,1.4972433,1.017978,2022-01-10 18:27:42.836567
2022-01-10 18:15:00,Brazil,Copa Sao Paulo de juniores,Tanabi U20,Vila Nova FC U20,2.65,3.45,2.31,1.4397651,1.3824571,2022-01-10 18:27:42.836567
2022-01-10 18:15:00,Brazil,Copa Sao Paulo de juniores,Matonense U20,Fluminense U20,25.93,11.63,1.04,0.29549238,3.0372195,2022-01-10 18:27:42.836567
2022-01-10 18:15:00,Brazil,Copa Sao Paulo de juniores,Manthiqueira U20,Vitoria U20,3.51,3.67,1.85,1.4106683,1.9135664,2022-01-10 18:27:42.836567
2022-01-10 18:15:00,Brazil,Copa Sao Paulo de juniores,Uniao Suzano U20,Fortaleza U20,8.19,4.35,1.35,0.90948194,1.8614624,2022-01-10 18:27:42.836567
2022-01-10 18:15:00,Brazil,Copa Sao Paulo de juniores,Jaguariuna U20,ABC U20,24.77,11.85,1.04,0.13634557,1.9464667,2022-01-10 18:27:42.836567
2022-01-10 18:15:00,Brazil,Copa Sao Paulo de juniores,Sao Raimundo RR U20,Portuguesa U20,4.25,3.54,1.73,1.1218628,1.3753388,2022-01-10 18:27:42.836567
2022-01-10 18:15:00,Brazil,Copa Sao Paulo de juniores,Flamengo SP U20,Avai U20,3.36,3.55,1.93,1.1862621,1.4946712,2022-01-10 18:27:42.836567
2022-01-10 18:15:00,Brazil,Copa Sao Paulo de juniores,Maua U20,Atletico GO U20,3.2,3.11,2.16,1.159292,1.5020977,2022-01-10 18:27:42.836567
2022-01-10 18:15:00,Brazil,Copa Sao Paulo de juniores,CA Juventus U20,CRB U20,1.46,4.4,5.45,2.262143,1.0729545,2022-01-10 18:27:42.836567
2022-01-10 18:15:00,Israel,Ligat ha'Al,Sakhnin,Hapoel Jerusalem,1.92,3.29,4.08,1.4187115,0.88781244,2022-01-10 18:27:42.836567
2022-01-10 19:00:00,Africa,Africa Cup of Nations,Comoros,Gabon,3.8,3.06,2.14,1.0947261,1.2562392,2022-01-10 18:27:42.836567
2022-01-10 19:00:00,England,Premier League 2,Derby U23,Liverpool U23,1.5,4.59,4.89,2.5541499,1.1570325,2022-01-10 18:27:42.836567
2022-01-10 19:00:00,England,Premier League 2,Everton U23,Crystal Palace U23,3.38,4.24,1.79,1.4337811,2.0986512,2022-01-10 18:27:42.836567
2022-01-10 19:00:00,England,Premier League 2,Manchester Utd U23,Tottenham U23,2.51,3.58,2.39,1.4358399,1.5306965,2022-01-10 18:27:42.836567
2022-01-10 19:00:00,England,Premier League 2,West Ham U23,Leeds U23,1.53,4.21,4.96,2.1604767,1.0349271,2022-01-10 18:27:42.836567
2022-01-10 19:00:00,England,Premier League 2,Burnley U23,Birmingham U23,1.86,3.88,3.36,1.9602987,1.4297018,2022-01-10 18:27:42.836567
2022-01-10 19:00:00,England,Premier League 2,Nottingham U23,Fulham U23,4.13,3.93,1.68,1.2092171,2.0127413,2022-01-10 18:27:42.836567
2022-01-10 19:00:00,England,Premier League 2,Stoke City U23,Norwich U23,2.06,3.86,2.88,1.8587166,1.8028754,2022-01-10 18:27:42.836567
2022-01-10 19:00:00,England,Premier League 2,Sunderland U23,Reading U23,1.68,4.11,3.92,1.9628686,1.1459571,2022-01-10 18:27:42.836567
2022-01-10 19:00:00,Gambia,GFA League,Real Banjul,Wallidan,2.03,2.93,3.84,0.9940246,0.83722144,2022-01-10 18:27:42.836567
2022-01-10 19:45:00,England,Isthmian League Premier Division,Carshalton,Kingstonian,2.45,3.66,2.45,1.8340831,1.3922887,2022-01-10 18:27:42.836567
2022-01-10 19:45:00,England,National League North,Bradford PA,Gateshead,5.05,3.82,1.6,1.0852337,1.852281,2022-01-10 18:27:42.836567
2022-01-10 19:45:00,France,Ligue 2,Toulouse,Nancy,1.45,4.23,7.38,2.0318372,0.81575215,2022-01-10 18:27:42.836567
2022-01-10 19:55:00,England,FA Cup,Manchester Utd,Aston Villa,1.67,3.98,4.91,1.845033,1.1102401,2022-01-10 18:27:42.836567
2022-01-10 20:00:00,Brazil,Copa Sao Paulo de juniores,Camacariense U20,Santo Andre U20,2.05,3.4,3.11,1.4691521,1.2770112,2022-01-10 18:27:42.836567
2022-01-10 20:00:00,Netherlands,Eerste Divisie,Jong PSV,Almere City,2.54,3.42,2.65,1.5785136,1.4194069,2022-01-10 18:27:42.836567
2022-01-10 20:00:00,Spain,LaLiga,Espanyol,Elche,1.83,3.46,4.94,1.5168523,0.8179051,2022-01-10 18:27:42.836567
2022-01-10 20:00:00,Spain,LaLiga2,R. Oviedo,Eibar,2.48,3.06,3.07,1.3179791,1.1159496,2022-01-10 18:27:42.836567
2022-01-10 20:15:00,Portugal,Liga Portugal,Gil Vicente,Vitoria Guimaraes,2.55,3.32,2.8,1.2002771,1.0820329,2022-01-10 18:27:42.836567
2022-01-10 20:45:00,Brazil,Copa Sao Paulo de juniores,Confianca EC U20,Ponte Preta U20,18.53,7.73,1.1,0.7719468,1.5431039,2022-01-10 18:27:42.836567
2022-01-10 20:45:00,Brazil,Copa Sao Paulo de juniores,Resende U20,River-PI U20,1.61,3.8,4.69,1.9859622,0.9546467,2022-01-10 18:27:42.836567
2022-01-10 22:15:00,Brazil,Copa Sao Paulo de juniores,Osasco Audax U20,Joinville U20,1.64,3.88,4.35,1.955718,1.0548033,2022-01-10 18:27:42.836567
2022-01-10 23:00:00,Brazil,Copa Sao Paulo de juniores,Francana U20,Juventude U20,3.02,3.21,2.18,1.1936104,1.4543575,2022-01-10 18:27:42.836567
2022-01-10 23:00:00,Brazil,Copa Sao Paulo de juniores,Sao Jose EC U20,Corinthians U20,24.76,10.43,1.05,0.25031263,2.6425164,2022-01-10 18:27:42.836567
2022-01-10 23:00:00,Mexico,Liga MX Women,Necaxa W,U.A.N.L.- Tigres W,20.45,8.08,1.09,0.43973228,2.4356756,2022-01-10 18:27:42.836567
2022-01-11 01:00:00,Mexico,Liga MX Women,Club America W,Atlas W,1.98,3.52,3.31,1.6064531,1.1840843,2022-01-10 18:27:42.836567
2022-01-11 03:00:00,Mexico,Liga MX,U.N.A.M.- Pumas,Toluca,1.89,3.4,4.23,1.5380725,0.9654547,2022-01-10 18:27:42.836567
2022-01-11 03:00:00,Mexico,Liga MX Women,Pachuca W,Guadalajara Chivas W,2.93,3.4,2.18,1.2133248,1.386341,2022-01-10 18:27:42.836567
2022-01-11 03:00:00,Mexico,Liga MX Women,Club Tijuana W,Santos Laguna W,2.71,3.41,2.31,1.3337841,1.4734248,2022-01-10 18:27:42.836567
2022-01-11 11:00:00,England,Professional Development League,Cardiff U23,Ipswich U23,1.72,4.29,3.93,2.177635,1.2204311,2022-01-10 18:27:42.836567
2022-01-11 11:00:00,Portugal,Liga Revelacao U23,Vitoria Guimaraes U23,Sporting U23,2.66,3.33,2.4,1.3851321,1.2887225,2022-01-10 18:27:42.836567
2022-01-11 12:30:00,Sri Lanka,Super League,Blue Star,Blue Eagles,1.18,6.5,8.92,3.470259,1.0786047,2022-01-10 18:27:42.836567
2022-01-11 12:40:00,Saudi Arabia,Saudi Professional League,Al Taee,Al-Hilal,6.91,4.2,1.42,0.9234116,1.8205613,2022-01-10 18:27:42.836567
2022-01-11 13:00:00,Africa,Africa Cup of Nations,Algeria,Sierra Leone,1.08,9.3,41.81,3.5373225,0.4239204,2022-01-10 18:27:42.836567
2022-01-11 13:00:00,England,Professional Development League,Peterborough U23,Wigan U23,1.87,3.99,3.52,2.1573465,1.3907654,2022-01-10 18:27:42.836567
2022-01-11 13:00:00,England,Professional Development League,QPR U23,Bristol City U23,2.86,3.81,2.19,1.3225286,1.8056566,2022-01-10 18:27:42.836567
2022-01-11 13:00:00,England,Professional Development League,Sheffield Utd U23,Barnsley U23,1.46,4.56,5.95,2.1570623,1.1192862,2022-01-10 18:27:42.836567
2022-01-11 13:00:00,England,Professional Development League,Watford U23,Swansea U23,2.56,3.87,2.37,1.5123999,1.9297911,2022-01-10 18:27:42.836567
2022-01-11 13:00:00,United Arab Emirates,UAE League,Shabab Al-Ahli Dubai,Khorfakkan,1.61,3.73,4.98,2.004194,1.0309737,2022-01-10 18:27:42.836567
2022-01-11 14:00:00,India,ISL,Jamshedpur,East Bengal,1.53,4.11,5.44,1.9934553,1.0033946,2022-01-10 18:27:42.836567
2022-01-11 14:40:00,Kuwait,Premier League,Al Salmiya,Kazma SC,2.54,3.29,2.54,1.2793629,1.2741096,2022-01-10 18:27:42.836567
2022-01-11 15:00:00,Portugal,Liga Revelacao U23,Benfica U23,Portimonense U23,1.46,4.21,5.87,1.8718302,0.9559288,2022-01-10 18:27:42.836567
2022-01-11 15:05:00,Saudi Arabia,Saudi Professional League,Al-Faisaly,Al Ahli SC,2.47,3.36,2.63,1.6023145,1.6011022,2022-01-10 18:27:42.836567
2022-01-11 15:30:00,United Arab Emirates,UAE League,Al Jazira,Al Wasl,2.06,3.27,3.3,1.55866,1.2627486,2022-01-10 18:27:42.836567
2022-01-11 16:00:00,Africa,Africa Cup of Nations,Nigeria,Egypt,3.03,2.88,2.63,1.0683633,0.9701784,2022-01-10 18:27:42.836567
2022-01-11 16:00:00,Algeria,Ligue 1,Kabylie,Biskra,1.58,3.55,6.23,1.3988419,0.7790791,2022-01-10 18:27:42.836567
2022-01-11 16:00:00,Algeria,Ligue 1,ASO Chlef,Saoura,3.22,2.79,2.47,0.90448695,0.56507593,2022-01-10 18:27:42.836567
2022-01-11 16:00:00,Algeria,Ligue 1,MC Alger,Paradou,2.03,2.86,4.43,0.9658598,0.5682762,2022-01-10 18:27:42.836567
2022-01-11 16:55:00,Kuwait,Premier League,Al Kuwait,Al Arabi,1.89,3.66,3.52,1.605178,1.0225167,2022-01-10 18:27:42.836567
2022-01-11 19:00:00,Africa,Africa Cup of Nations,Sudan,Guinea Bissau,3.21,2.91,2.47,0.6792934,0.85102284,2022-01-10 18:27:42.836567
2022-01-11 19:00:00,Belgium,Super League Women,Femina Woluwe W,St. Liege W,10.0,4.6,1.2,0.63347715,2.784617,2022-01-10 18:27:42.836567
2022-01-11 19:00:00,England,EFL Trophy,Arsenal U21,Chelsea U21,2.22,3.76,2.78,1.8037496,1.4862157,2022-01-10 18:27:42.836567
2022-01-11 19:00:00,England,EFL Trophy,Cambridge Utd,Portsmouth,3.24,3.37,2.12,1.23391,1.8673323,2022-01-10 18:27:42.836567
2022-01-11 19:00:00,Iceland,Reykjavik Cup,Vikingur Reykjavik,Fylkir,1.32,6.06,6.64,2.5215983,1.302905,2022-01-10 18:27:42.836567
2022-01-11 19:30:00,England,League Two,Mansfield,Swindon,2.6,3.49,2.63,1.3587202,1.4557244,2022-01-10 18:27:42.836567
2022-01-11 19:45:00,England,Isthmian League Premier Division,Horsham FC,Enfield Town,2.63,3.62,2.25,1.5985404,1.6561352,2022-01-10 18:27:42.836567
2022-01-11 19:45:00,England,Isthmian League Premier Division,Potters Bar,Margate,2.49,3.65,2.34,1.5808876,1.6219162,2022-01-10 18:27:42.836567
2022-01-11 19:45:00,England,League One,MK Dons,AFC Wimbledon,1.8,3.74,4.41,1.7047871,1.0170156,2022-01-10 18:27:42.836567
2022-01-11 19:45:00,England,League One,Sunderland,Lincoln,1.58,3.97,6.07,1.7867793,0.865697,2022-01-10 18:27:42.836567
2022-01-11 19:45:00,England,League Two,Forest Green,Colchester,1.55,4.03,6.36,1.8981225,0.79948825,2022-01-10 18:27:42.836567
2022-01-11 19:45:00,England,League Two,Salford,Tranmere,2.14,3.34,3.53,1.5049275,0.81160295,2022-01-10 18:27:42.836567
2022-01-11 19:45:00,England,National League,Southend,Yeovil,2.88,3.25,2.39,1.2126958,1.2324562,2022-01-10 18:27:42.836567
2022-01-11 19:45:00,England,National League,FC Halifax,Grimsby,1.72,3.71,4.42,1.8535812,1.1653823,2022-01-10 18:27:42.836567
2022-01-11 19:45:00,England,National League,King’s Lynn,Notts Co,6.07,4.53,1.45,0.6927475,2.1032398,2022-01-10 18:27:42.836567
2022-01-11 19:45:00,England,National League,Boreham Wood,Wealdstone,1.67,3.7,4.84,1.8255105,1.153599,2022-01-10 18:27:42.836567
2022-01-11 19:45:00,England,National League,Altrincham,Stockport,4.32,3.69,1.75,1.095007,1.769209,2022-01-10 18:27:42.836567
2022-01-11 19:45:00,England,National League North,Kidderminster,Farsley,1.4,4.45,6.74,2.3713624,0.89538354,2022-01-10 18:27:42.836567
2022-01-11 19:45:00,England,National League North,Brackley Town,Kettering,1.67,3.68,4.55,1.895114,0.99532115,2022-01-10 18:27:42.836567
2022-01-11 19:45:00,England,NPL Premier Division,Nantwich,Gainsborough,2.54,3.4,2.48,1.3493531,1.4354031,2022-01-10 18:27:42.836567
2022-01-11 19:45:00,England,NPL Premier Division,Ashton Utd,Morpeth,2.43,3.67,2.47,1.5912006,1.4774307,2022-01-10 18:27:42.836567
2022-01-11 19:45:00,England,NPL Premier Division,Stalybridge,Atherton,2.33,3.44,2.72,1.5050299,1.4835414,2022-01-10 18:27:42.836567
2022-01-11 19:45:00,England,NPL Premier Division,Radcliffe,Bamber Bridge,3.4,3.81,1.87,1.3473778,1.8143578,2022-01-10 18:27:42.836567
2022-01-11 19:45:00,England,NPL Premier Division,Scarborough,Buxton,3.28,3.66,1.95,1.2228773,1.70749,2022-01-10 18:27:42.836567
2022-01-11 19:45:00,England,NPL Premier Division,Hyde,Matlock,3.85,3.81,1.76,1.1516372,1.7778261,2022-01-10 18:27:42.836567
2022-01-11 19:45:00,England,Premier League,Southampton,Brentford,2.03,3.41,3.99,1.3786685,0.9306274,2022-01-10 18:27:42.836567
2022-01-11 19:45:00,England,Southern League Central Division,Alvechurch,Needham Market,1.76,3.87,3.9,1.8374058,1.2023923,2022-01-10 18:27:42.836567
2022-01-11 19:45:00,England,Southern League Central Division,Tamworth,Peterborough Sports,2.79,3.65,2.2,1.7586268,1.8197292,2022-01-10 18:27:42.836567
2022-01-11 19:45:00,England,Southern League South Division,Met. Police,Farnborough,2.38,3.62,2.55,1.6912903,1.706512,2022-01-10 18:27:42.836567
2022-01-11 19:45:00,England,Southern League South Division,Hayes & Yeading,Weston-super-Mare,1.59,4.17,4.57,2.0244675,1.4379358,2022-01-10 18:27:42.836567
2022-01-11 19:45:00,England,Southern League South Division,Salisbury,Tiverton,2.35,3.72,2.53,1.7679027,1.9393742,2022-01-10 18:27:42.836567
2022-01-11 19:45:00,Italy,Serie A,Cagliari,Bologna,2.9,3.37,2.52,1.3793461,1.2767191,2022-01-10 18:27:42.836567
2022-01-11 19:45:00,Northern Ireland,NIFL Premiership,Warrenpoint,Dungannon,2.53,3.84,2.36,1.5913564,1.9223117,2022-01-10 18:27:42.836567
2022-01-11 20:00:00,England,Championship,Reading,Fulham,5.31,4.14,1.62,0.92100453,2.0007493,2022-01-10 18:27:42.836567
2022-01-11 20:00:00,England,League One,Bolton,Wycombe,2.54,3.24,2.88,1.1472044,1.213366,2022-01-10 18:27:42.836567
2022-01-11 21:00:00,Costa Rica,Primera Division,Guanacasteca,Saprissa,3.4,3.55,2.0,1.1297117,1.5051533,2022-01-10 18:27:42.836567
2022-01-11 23:00:00,Mexico,Liga de Expansion MX,Raya 2,Cimarrones de Sonora,2.18,3.21,3.3,1.3985708,0.9400785,2022-01-10 18:27:42.836567
2022-01-12 01:00:00,Costa Rica,Primera Division,Sporting San Jose,Alajuelense,4.37,3.49,1.78,1.0108905,1.6009551,2022-01-10 18:27:42.836567
2022-01-12 01:05:00,Mexico,Liga de Expansion MX,Cancun,Celaya,2.71,2.78,2.88,0.9079949,0.87612724,2022-01-10 18:27:42.836567
2022-01-12 02:00:00,Costa Rica,Primera Division,Herediano,ADR Jicaral,1.34,4.75,8.27,2.234487,0.68163145,2022-01-10 18:27:42.836567
2022-01-12 02:00:00,Costa Rica,Primera Division,Zeledon,Grecia,2.58,2.86,2.9,1.0589702,1.0636767,2022-01-10 18:27:42.836567
2022-01-12 03:05:00,Mexico,Liga de Expansion MX,Tampico Madero,Alebrijes Oaxaca,1.85,3.28,4.33,1.534483,0.9168193,2022-01-10 18:27:42.836567
2022-01-12 07:00:00,Australia,FFA Cup,Sydney FC,Brisbane Roar,1.72,3.89,4.31,1.5245622,1.1275499,2022-01-10 18:27:42.836567
2022-01-12 07:30:00,China,Super League,Zhejiang Professional,Qingdao FC,2.75,2.84,2.91,1.1378653,0.5630678,2022-01-10 18:27:42.836567
2022-01-12 12:30:00,Cyprus,Cyprus Cup,Sotiras,Karmiotissa,2.44,3.0,3.05,1.4003481,1.161351,2022-01-10 18:27:42.836567
2022-01-12 12:30:00,Cyprus,Cyprus Cup,Ermis,Paralimni,2.62,3.01,2.8,1.3742605,1.2456617,2022-01-10 18:27:42.836567
2022-01-12 12:30:00,Cyprus,Division 2,Achyronas Liopetriou,Nea Salamis,8.8,3.5,1.39,1.1335099,1.840553,2022-01-10 18:27:42.836567
2022-01-12 13:00:00,Africa,Africa Cup of Nations,Tunisia,Mali,2.58,2.83,3.13,0.8258673,0.6870182,2022-01-10 18:27:42.836567
2022-01-12 13:20:00,Qatar,QSL,Al Wakra,Al Khor,1.54,4.04,5.32,2.0611482,0.9802508,2022-01-10 18:27:42.836567
2022-01-12 14:00:00,India,ISL,Odisha,Kerala Blasters,3.56,3.78,1.9,1.3907074,1.8056425,2022-01-10 18:27:42.836567
2022-01-12 14:40:00,Kuwait,Premier League,Al-Fahaheel,Yarmouk,1.96,3.75,3.31,1.6405581,1.202372,2022-01-10 18:27:42.836567
2022-01-12 15:15:00,Greece,Super League,Smyrnis,OFI Crete,2.57,3.18,2.77,0.98466504,1.0814606,2022-01-10 18:27:42.836567
2022-01-12 15:15:00,Greece,Super League,PAOK,Panetolikos,1.24,5.89,11.42,2.54843,0.41143662,2022-01-10 18:27:42.836567
2022-01-12 15:30:00,Portugal,Liga Portugal 2,Varzim,SC Farense,3.43,2.96,2.26,0.75814444,1.2084026,2022-01-10 18:27:42.836567
2022-01-12 15:30:00,Qatar,QSL,Al Ahli Doha,Umm-Salal,2.72,3.37,2.39,1.1752167,1.4104385,2022-01-10 18:27:42.836567
2022-01-12 15:30:00,Qatar,QSL,Qatar SC,Shamal,1.35,4.38,8.68,2.0667853,0.6939636,2022-01-10 18:27:42.836567
2022-01-12 16:00:00,Africa,Africa Cup of Nations,Mauritania,Gambia,2.72,2.9,2.89,1.0212262,0.75024563,2022-01-10 18:27:42.836567
2022-01-12 16:30:00,Italy,Coppa Italia,Atalanta,Venezia,1.35,5.21,7.9,2.4279568,0.9625799,2022-01-10 18:27:42.836567
2022-01-12 17:00:00,Mexico,Liga MX U20,Santos Laguna U20,U.A.N.L.- Tigres U20,1.81,3.7,3.65,1.6947623,1.0444045,2022-01-10 18:27:42.836567
2022-01-12 17:00:00,Spain,Tercera RFEF - Group 9,Alhaurin,Intergym Melilla,1.5,3.6,6.0,1.7192909,0.6706174,2022-01-10 18:27:42.836567
2022-01-12 19:00:00,Africa,Africa Cup of Nations,Equatorial Guinea,Ivory Coast,16.49,5.42,1.23,0.7321709,1.9840009,2022-01-10 18:27:42.836567
2022-01-12 19:00:00,Spain,Super Cup,Barcelona,Real Madrid,3.52,3.73,2.04,1.3512743,1.6138929,2022-01-10 18:27:42.836567
2022-01-12 19:45:00,England,Championship,Barnsley,Stoke,3.39,3.26,2.26,1.0178896,1.5416579,2022-01-10 18:27:42.836567
2022-01-12 19:45:00,England,EFL Cup,Tottenham,Chelsea,2.62,3.44,2.66,1.54641,1.4093931,2022-01-10 18:27:42.836567
2022-01-12 19:45:00,England,League One,Crewe,Charlton,3.59,3.49,2.06,1.1333419,1.4925951,2022-01-10 18:27:42.836567
2022-01-12 19:45:00,England,Premier League,West Ham,Norwich,1.28,5.83,11.62,2.2833989,0.76121986,2022-01-10 18:27:42.836567
2022-01-12 20:00:00,Italy,Super Cup,Inter,Juventus,1.81,3.96,4.18,1.7783124,1.1203253,2022-01-10 18:27:42.836567
2022-01-13 00:00:00,Costa Rica,Primera Division,San Carlos,Santos DG,2.32,2.95,3.25,1.3032526,0.9983523,2022-01-10 18:27:42.836567
2022-01-13 02:06:00,Mexico,Liga MX,Santos Laguna,U.A.N.L.- Tigres,2.02,3.4,3.77,1.3654362,0.9624434,2022-01-10 18:27:42.836567
2022-01-13 02:10:00,Costa Rica,Primera Division,Guadalupe,Cartagines,3.02,3.0,2.42,0.9261187,1.1004088,2022-01-10 18:27:42.836567
2022-01-13 13:20:00,Qatar,QSL,Al-Gharafa,Al-Duhail,4.85,4.43,1.57,1.0480499,2.1489959,2022-01-10 18:27:42.836567
2022-01-13 14:00:00,India,ISL,Chennaiyin,Hyderabad,2.79,3.46,2.37,1.4229771,1.5237387,2022-01-10 18:27:42.836567
2022-01-13 16:00:00,Africa,Africa Cup of Nations,Cameroon,Ethiopia,1.2,6.78,13.5,2.83385,0.66393745,2022-01-10 18:27:42.836567
2022-01-13 16:00:00,Qatar,QSL,Al-Sadd,Al Rayyan,1.3,5.48,8.35,2.9893126,0.8679531,2022-01-10 18:27:42.836567
2022-01-13 17:00:00,Italy,Coppa Italia,Napoli,Fiorentina,1.74,3.91,4.52,2.0743794,1.2123652,2022-01-10 18:27:42.836567
2022-01-13 18:00:00,France,National,Bourg en Bresse,Bastia-Borgo,1.53,3.82,5.84,1.9569563,0.8360671,2022-01-10 18:27:42.836567
2022-01-13 18:00:00,Portugal,Liga Portugal,Famalicao,Belenenses,1.71,3.62,5.36,1.7223959,0.9598102,2022-01-10 18:27:42.836567
2022-01-13 19:00:00,Africa,Africa Cup of Nations,Cape Verde,Burkina Faso,3.31,3.0,2.39,0.7817561,1.0967755,2022-01-10 18:27:42.836567
2022-01-13 19:00:00,Spain,Super Cup,Atl. Madrid,Ath Bilbao,1.86,3.43,4.65,1.6474415,0.9486477,2022-01-10 18:27:42.836567
2022-01-13 19:30:00,Italy,Serie B,Benevento,Monza,2.11,3.33,3.5,1.4925987,1.1271878,2022-01-10 18:27:42.836567
2022-01-13 19:30:00,Italy,Serie B,Lecce,L.R. Vicenza,1.4,4.47,8.28,2.1665924,0.72984666,2022-01-10 18:27:42.836567
2022-01-13 19:45:00,England,EFL Cup,Liverpool,Arsenal,2.19,3.61,3.19,1.8578387,1.266503,2022-01-10 18:27:42.836567
2022-01-13 20:00:00,Italy,Coppa Italia,AC Milan,Genoa,1.3,5.4,9.39,2.622326,0.47820398,2022-01-10 18:27:42.836567
2022-01-14 08:45:00,Australia,A-League,Macarthur FC,Western United,2.04,3.5,3.57,1.8331466,1.0382695,2022-01-10 18:27:42.836567
2022-01-14 14:00:00,India,ISL,Goa,North East Utd,1.83,3.79,3.82,2.0117586,1.2091712,2022-01-10 18:27:42.836567
2022-01-14 15:00:00,Mexico,Liga MX U20,Queretaro U20,U.N.A.M.- Pumas U20,2.45,2.88,2.7,1.3197641,1.1426219,2022-01-10 18:27:42.836567
2022-01-14 17:00:00,Turkey,1. Lig,Menemenspor,Bandirmaspor,3.72,3.52,1.92,1.1379158,1.604106,2022-01-10 18:27:42.836567
2022-01-14 17:00:00,Turkey,Super Lig,Besiktas,Gaziantep,1.54,4.21,6.17,2.3286486,1.0053718,2022-01-10 18:27:42.836567
2022-01-14 17:00:00,Turkey,Super Lig,Yeni Malatyaspor,Goztepe,2.57,3.35,2.75,1.4366766,1.3940042,2022-01-10 18:27:42.836567
2022-01-14 17:30:00,Germany,2. Bundesliga,SG Dynamo Dresden,Hamburger SV,4.11,3.7,1.83,1.173133,1.6587856,2022-01-10 18:27:42.836567
2022-01-14 17:30:00,Germany,2. Bundesliga,Hansa Rostock,Hannover,2.45,3.38,2.81,1.3739505,1.3876275,2022-01-10 18:27:42.836567
2022-01-14 18:00:00,France,National,Sete,Cholet,2.35,3.16,2.92,1.2567,1.2860706,2022-01-10 18:27:42.836567
2022-01-14 18:00:00,France,National,Creteil,Le Mans,2.74,2.98,2.6,1.1682348,1.0879556,2022-01-10 18:27:42.836567
2022-01-14 18:00:00,France,National,Chateauroux,Avranches,1.6,3.65,5.45,1.8649412,0.9280604,2022-01-10 18:27:42.836567
2022-01-14 18:00:00,France,National,Sedan,Villefranche,3.79,3.05,2.03,1.3215282,1.5038613,2022-01-10 18:27:42.836567
2022-01-14 18:00:00,France,National,Chambly,Stade Briochin,2.35,3.0,3.07,1.2509829,1.1081741,2022-01-10 18:27:42.836567
2022-01-14 18:00:00,France,National,Boulogne,Red Star,3.14,3.19,2.21,1.194311,1.3818792,2022-01-10 18:27:42.836567
2022-01-14 18:00:00,France,National,Concarneau,Orleans,2.23,2.81,3.62,1.1034424,0.82923084,2022-01-10 18:27:42.836567
2022-01-14 18:00:00,Germany,3. Liga,TSV Havelse,Duisburg,4.66,3.74,1.69,1.0058852,1.6358812,2022-01-10 18:27:42.836567
2022-01-14 19:00:00,Netherlands,Eerste Divisie,Almere City,Roda,2.99,3.55,2.18,1.2615374,1.6270297,2022-01-10 18:27:42.836567
2022-01-14 19:00:00,Netherlands,Eerste Divisie,Dordrecht,Jong AZ,3.15,3.62,2.07,1.3156887,1.833044,2022-01-10 18:27:42.836567
2022-01-14 19:00:00,Netherlands,Eerste Divisie,Eindhoven FC,Jong Utrecht,1.82,3.77,3.81,1.9940585,1.2267102,2022-01-10 18:27:42.836567
2022-01-14 19:00:00,Netherlands,Eerste Divisie,FC Emmen,Helmond,1.36,4.9,7.29,2.3116555,0.92872804,2022-01-10 18:27:42.836567
2022-01-14 19:00:00,Netherlands,Eerste Divisie,Excelsior,Graafschap,2.34,3.63,2.68,1.6329021,1.5057983,2022-01-10 18:27:42.836567
2022-01-14 19:00:00,Netherlands,Eerste Divisie,Breda,FC Volendam,3.75,3.91,1.81,1.265792,2.133174,2022-01-10 18:27:42.836567
2022-01-14 19:00:00,Netherlands,Eerste Divisie,Telstar,Maastricht,2.03,3.61,3.26,1.7900199,1.3275512,2022-01-10 18:27:42.836567
2022-01-14 19:00:00,Netherlands,Eerste Divisie,Venlo,Jong PSV,2.04,3.6,3.2,1.7593803,1.4231786,2022-01-10 18:27:42.836567
2022-01-14 19:00:00,Netherlands,Eredivisie,Zwolle,Willem II,2.1,3.46,3.54,1.4911329,1.2835786,2022-01-10 18:27:42.836567
2022-01-14 19:30:00,Germany,Bundesliga,Dortmund,Freiburg,1.52,4.78,5.78,2.3036916,1.0412107,2022-01-10 18:27:42.836567
2022-01-14 19:30:00,Italy,Serie B,Ternana,Ascoli,2.1,3.21,3.7,1.4573491,1.0851953,2022-01-10 18:27:42.836567
2022-01-14 19:45:00,Belgium,Jupiler Pro League,Gent,Kortrijk,1.41,4.65,7.59,2.655541,0.79210865,2022-01-10 18:27:42.836567
2022-01-14 19:45:00,Scotland,Championship,Partick Thistle,Kilmarnock,2.34,3.17,2.99,1.27926,1.1418784,2022-01-10 18:27:42.836567
2022-01-14 19:45:00,Wales,Cymru Premier,Bala,Caernarfon,1.63,3.7,4.77,2.2107596,1.0905393,2022-01-10 18:27:42.836567
2022-01-14 19:45:00,Wales,Cymru Premier,Flint,Connahs Q.,2.92,3.4,2.16,1.214286,1.2977554,2022-01-10 18:27:42.836567
2022-01-14 19:45:00,Wales,Cymru Premier,Newtown,Cardiff Metropolitan,1.71,3.6,4.35,2.020885,1.050042,2022-01-10 18:27:42.836567
2022-01-14 19:45:00,Wales,Cymru Premier,Penybont,Barry,2.26,3.3,2.83,1.1516215,1.1410267,2022-01-10 18:27:42.836567
2022-01-14 20:00:00,England,Premier League,Brighton,Crystal Palace,2.02,3.37,4.03,1.4610403,1.0047458,2022-01-10 18:27:42.836567
2022-01-14 20:00:00,France,Ligue 1,Nice,Nantes,1.85,3.68,4.37,1.6896954,1.0858762,2022-01-10 18:27:42.836567
2022-01-14 20:00:00,Wales,Cymru Premier,Aberystwyth,Haverfordwest,2.31,3.3,2.77,1.6154782,1.3856766,2022-01-10 18:27:42.836567
2022-01-15 01:00:00,Mexico,Liga MX,Queretaro,U.N.A.M.- Pumas,2.5,3.22,2.83,1.2569993,1.1931139,2022-01-10 18:27:42.836567
2022-01-15 03:00:00,Mexico,Liga MX,Necaxa,Monterrey,3.07,3.32,2.29,1.1914176,1.4774437,2022-01-10 18:27:42.836567
2022-01-15 06:05:00,Australia,A-League,Central Coast Mariners,Newcastle Jets,2.17,3.56,3.2,1.6702902,1.2797184,2022-01-10 18:27:42.836567
2022-01-15 08:45:00,Australia,A-League,Adelaide United,Melbourne City,4.32,3.94,1.74,1.4161917,2.03322,2022-01-10 18:27:42.836567
2022-01-15 08:45:00,Australia,A-League,Sydney FC,Brisbane Roar,1.67,3.94,4.96,1.548965,1.0392472,2022-01-10 18:27:42.836567
2022-01-15 10:30:00,Turkey,1. Lig,Denizlispor,Manisa FK,3.85,3.52,1.9,1.0977222,1.3498479,2022-01-10 18:27:42.836567
2022-01-15 10:30:00,Turkey,Super Lig,Adana Demirspor,Kayserispor,1.79,3.64,4.52,1.6824985,0.9781762,2022-01-10 18:27:42.836567
2022-01-15 11:00:00,Portugal,Liga Portugal 2,Casa Pia,Academico Viseu,1.66,3.54,4.86,1.5782024,0.99125654,2022-01-10 18:27:42.836567
2022-01-15 12:30:00,England,Championship,Luton,Bournemouth,2.89,3.38,2.45,1.2040362,1.369202,2022-01-10 18:27:42.836567
2022-01-15 12:30:00,England,Premier League,Manchester City,Chelsea,1.67,4.14,5.03,1.8938555,1.0417433,2022-01-10 18:27:42.836567
2022-01-15 12:30:00,Germany,2. Bundesliga,Werder Bremen,Dusseldorf,1.82,3.87,3.97,1.7439808,1.1083643,2022-01-10 18:27:42.836567
2022-01-15 12:30:00,Germany,2. Bundesliga,St. Pauli,Aue,1.43,4.72,6.73,1.97073,0.730685,2022-01-10 18:27:42.836567
2022-01-15 12:30:00,Germany,2. Bundesliga,Nurnberg,Paderborn,2.26,3.47,3.03,1.4793133,1.2838594,2022-01-10 18:27:42.836567
2022-01-15 13:00:00,Germany,3. Liga,Hallescher,Turkgucu Munchen,2.14,3.61,3.0,2.0560443,1.1265651,2022-01-10 18:27:42.836567
2022-01-15 13:00:00,Germany,3. Liga,VfL Osnabruck,Saarbrucken,2.1,3.37,3.28,1.4113729,1.1549375,2022-01-10 18:27:42.836567
2022-01-15 13:00:00,Germany,3. Liga,Munich 1860,Wehen,2.01,3.5,3.4,1.6417152,1.3470755,2022-01-10 18:27:42.836567
2022-01-15 13:00:00,Germany,3. Liga,Kaiserslautern,Meppen,1.86,3.55,3.9,1.576263,1.1022394,2022-01-10 18:27:42.836567
2022-01-15 13:00:00,Germany,3. Liga,Zwickau,Viktoria Koln,2.4,3.3,2.81,1.3893585,1.121892,2022-01-10 18:27:42.836567
2022-01-15 13:00:00,Germany,3. Liga,Freiburg II,Magdeburg,4.29,3.66,1.75,1.1035224,1.6135042,2022-01-10 18:27:42.836567
2022-01-15 13:00:00,Israel,Ligat ha'Al,Hapoel Tel Aviv,Nof Hagalil,1.94,3.41,4.05,1.5491076,0.96119064,2022-01-10 18:27:42.836567
2022-01-15 13:00:00,Italy,Serie B,Cremonese,Como,1.74,3.44,5.23,1.751351,0.9134222,2022-01-10 18:27:42.836567
2022-01-15 13:00:00,Italy,Serie B,Parma,Crotone,1.89,3.44,4.22,1.593713,0.9691322,2022-01-10 18:27:42.836567
2022-01-15 13:00:00,Italy,Serie B,Reggina,Brescia,3.02,3.19,2.42,1.1619967,1.3231336,2022-01-10 18:27:42.836567
2022-01-15 13:00:00,Italy,Serie B,Cittadella,Cosenza,1.61,3.71,5.95,1.8149517,0.87636834,2022-01-10 18:27:42.836567
2022-01-15 13:00:00,Turkey,1. Lig,Istanbulspor AS,Umraniyespor,2.84,3.34,2.38,1.2827257,1.2964003,2022-01-10 18:27:42.836567
2022-01-15 13:00:00,Turkey,Super Lig,Sivasspor,Trabzonspor,3.07,3.41,2.3,1.243899,1.411995,2022-01-10 18:27:42.836567
2022-01-15 13:00:00,Turkey,Super Lig,Karagumruk,Rizespor,1.81,3.69,4.33,1.7704719,1.0044837,2022-01-10 18:27:42.836567
2022-01-15 13:30:00,England,FA Trophy,Stourbridge,Guiseley,2.68,3.73,2.28,1.7091914,1.7139552,2022-01-10 18:27:42.836567
2022-01-15 14:00:00,France,Ligue 2,AC Ajaccio,Auxerre,2.02,3.42,3.68,1.5870758,0.9937396,2022-01-10 18:27:42.836567
2022-01-15 14:00:00,Italy,Serie A,Sampdoria,Torino,2.66,3.34,2.77,1.4609057,1.4318839,2022-01-10 18:27:42.836567
2022-01-15 14:30:00,Germany,Bundesliga,Wolfsburg,Hertha Berlin,1.94,3.65,4.0,1.7458051,1.2055175,2022-01-10 18:27:42.836567
2022-01-15 14:30:00,Germany,Bundesliga,Union Berlin,Hoffenheim,2.64,3.59,2.62,1.513137,1.5620216,2022-01-10 18:27:42.836567
2022-01-15 14:30:00,Germany,Bundesliga,Stuttgart,RB Leipzig,4.93,4.03,1.7,0.9212866,2.0235877,2022-01-10 18:27:42.836567
2022-01-15 14:30:00,Germany,Bundesliga,Mainz,Bochum,1.63,3.89,6.0,1.7468324,0.84294647,2022-01-10 18:27:42.836567
2022-01-15 14:30:00,Germany,Bundesliga,FC Koln,Bayern Munich,7.79,5.74,1.36,0.857016,2.3440235,2022-01-10 18:27:42.836567
2022-01-15 15:00:00,England,Championship,Barnsley,Blackpool,2.52,3.26,2.88,1.2208414,1.118839,2022-01-10 18:27:42.836567
2022-01-15 15:00:00,England,Championship,Derby,Sheffield Utd,3.32,3.23,2.28,0.9932857,1.5143453,2022-01-10 18:27:42.836567
2022-01-15 15:00:00,England,Championship,Fulham,Bristol City,1.29,5.55,10.89,2.323696,0.80891013,2022-01-10 18:27:42.836567
2022-01-15 15:00:00,England,Championship,Middlesbrough,Reading,1.61,3.86,5.91,1.7155045,0.90405375,2022-01-10 18:27:42.836567
2022-01-15 15:00:00,England,Championship,Millwall,Nottingham,2.26,3.24,3.34,1.3364719,1.1329166,2022-01-10 18:27:42.836567
2022-01-15 15:00:00,England,Championship,Peterborough,Coventry,3.29,3.35,2.24,1.1703675,1.300936,2022-01-10 18:27:42.836567
2022-01-15 15:00:00,England,Championship,Preston,Birmingham,2.02,3.46,3.76,1.3942362,1.213977,2022-01-10 18:27:42.836567
2022-01-15 15:00:00,England,Championship,QPR,West Brom,3.14,3.41,2.3,1.3073375,1.2964909,2022-01-10 18:27:42.836567
2022-01-15 15:00:00,England,Championship,Cardiff,Blackburn,2.85,3.35,2.51,1.281597,1.3819537,2022-01-10 18:27:42.836567
2022-01-15 15:00:00,England,Championship,Huddersfield,Swansea,2.71,3.29,2.67,1.3197873,1.3465829,2022-01-10 18:27:42.836567
2022-01-15 15:00:00,England,FA Trophy,Morpeth,Boston Utd,3.55,3.68,1.9,1.1645787,1.8159771,2022-01-10 18:27:42.836567
2022-01-15 15:00:00,England,FA Trophy,Dartford,Weymouth,2.32,3.56,2.71,1.7701408,1.5494907,2022-01-10 18:27:42.836567
2022-01-15 15:00:00,England,FA Trophy,Notts Co,Eastleigh,1.72,3.84,4.2,1.9393609,1.1360959,2022-01-10 18:27:42.836567
2022-01-15 15:00:00,England,FA Trophy,Boreham Wood,Maidstone,1.75,3.72,4.15,1.8447146,1.1411854,2022-01-10 18:27:42.836567
2022-01-15 15:00:00,England,FA Trophy,Tonbridge,King’s Lynn,2.54,3.55,2.49,1.2812886,1.5502383,2022-01-10 18:27:42.836567
2022-01-15 15:00:00,England,FA Trophy,Aldershot,Bromley,2.74,3.42,2.36,1.3603162,1.4969056,2022-01-10 18:27:42.836567
2022-01-15 15:00:00,England,FA Trophy,Stockport,Larkhall,1.27,5.64,8.89,2.3218734,0.81328213,2022-01-10 18:27:42.836567
2022-01-15 15:00:00,England,FA Trophy,York,Slough,1.81,3.73,3.95,1.6997017,1.0261666,2022-01-10 18:27:42.836567
2022-01-15 15:00:00,England,FA Trophy,Yeovil,Needham Market,1.49,4.28,5.69,1.855989,0.9287328,2022-01-10 18:27:42.836567
2022-01-15 15:00:00,England,FA Trophy,Dag & Red,Southend,1.68,3.84,4.49,1.9459623,1.0800806,2022-01-10 18:27:42.836567
2022-01-15 15:00:00,England,FA Trophy,St. Albans,Cheshunt,1.72,3.83,4.17,1.8969758,1.1469823,2022-01-10 18:27:42.836567
2022-01-15 15:00:00,England,FA Trophy,Spennymoor,Plymouth Parkway,1.6,3.99,4.88,1.8851769,1.0756842,2022-01-10 18:27:42.836567
2022-01-15 15:00:00,England,FA Trophy,Southport,Solihull Moors,4.21,3.77,1.75,1.1481342,1.8231566,2022-01-10 18:27:42.836567
2022-01-15 15:00:00,England,FA Trophy,Alfreton,FC Halifax,4.2,3.87,1.71,1.1348038,1.8735713,2022-01-10 18:27:42.836567
2022-01-15 15:00:00,England,League One,Accrington,Sunderland,3.74,3.52,1.99,1.0409094,1.7220407,2022-01-10 18:27:42.836567
2022-01-15 15:00:00,England,League One,AFC Wimbledon,Morecambe,1.75,3.7,4.75,1.6552043,0.9380293,2022-01-10 18:27:42.836567
2022-01-15 15:00:00,England,League One,Bolton,Ipswich,2.47,3.3,2.89,1.3575145,1.1517633,2022-01-10 18:27:42.836567
2022-01-15 15:00:00,England,League One,Cheltenham,Charlton,2.84,3.24,2.55,1.1328708,1.2903451,2022-01-10 18:27:42.836567
2022-01-15 15:00:00,England,League One,Crewe,Shrewsbury,3.18,3.24,2.32,1.1113949,1.4450675,2022-01-10 18:27:42.836567
2022-01-15 15:00:00,England,League One,Doncaster,Wigan,6.04,4.14,1.55,1.0499228,2.1811051,2022-01-10 18:27:42.836567
2022-01-15 15:00:00,England,League One,Fleetwood,Rotherham,6.21,4.16,1.53,1.003574,1.9294775,2022-01-10 18:27:42.836567
2022-01-15 15:00:00,England,League One,Gillingham,Burton,2.91,3.3,2.45,1.1034795,1.2904212,2022-01-10 18:27:42.836567
2022-01-15 15:00:00,England,League One,Lincoln,Cambridge Utd,1.98,3.38,3.95,1.3799057,0.95711315,2022-01-10 18:27:42.836567
2022-01-15 15:00:00,England,League One,Portsmouth,MK Dons,2.3,3.29,3.16,1.3452396,1.0510796,2022-01-10 18:27:42.836567
2022-01-15 15:00:00,England,League One,Sheffield Wed,Plymouth,2.24,3.42,3.16,1.4140815,1.1868386,2022-01-10 18:27:42.836567
2022-01-15 15:00:00,England,League One,Wycombe,Oxford Utd,2.3,3.39,3.06,1.3012985,1.2599897,2022-01-10 18:27:42.836567
2022-01-15 15:00:00,England,League Two,Bradford City,Salford,2.19,3.22,3.5,1.2798697,1.0464576,2022-01-10 18:27:42.836567
2022-01-15 15:00:00,England,League Two,Bristol Rovers,Hartlepool,2.11,3.29,3.63,1.3463843,1.0121691,2022-01-10 18:27:42.836567
2022-01-15 15:00:00,England,League Two,Carlisle,Crawley,2.08,3.35,3.65,1.4474369,1.0292337,2022-01-10 18:27:42.836567
2022-01-15 15:00:00,England,League Two,Colchester,Barrow,2.15,3.21,3.59,1.4443496,0.86305434,2022-01-10 18:27:42.836567
2022-01-15 15:00:00,England,League Two,Exeter,Scunthorpe,1.75,3.62,4.91,1.6409061,0.8708419,2022-01-10 18:27:42.836567
2022-01-15 15:00:00,England,League Two,Mansfield,Walsall,1.94,3.31,4.24,1.240296,1.0419878,2022-01-10 18:27:42.836567
2022-01-15 15:00:00,England,League Two,Northampton,Forest Green,2.39,3.3,3.0,1.3101542,1.1786225,2022-01-10 18:27:42.836567
2022-01-15 15:00:00,England,League Two,Oldham,Leyton Orient,3.44,3.28,2.18,1.024007,1.3892221,2022-01-10 18:27:42.836567
2022-01-15 15:00:00,England,League Two,Port Vale,Swindon,2.09,3.4,3.53,1.374521,1.1287358,2022-01-10 18:27:42.836567
2022-01-15 15:00:00,England,League Two,Stevenage,Sutton,2.81,3.28,2.53,1.335106,1.351652,2022-01-10 18:27:42.836567
2022-01-15 15:00:00,England,League Two,Tranmere,Rochdale,2.0,3.43,3.79,1.4428774,0.9762349,2022-01-10 18:27:42.836567
2022-01-15 15:00:00,England,League Two,Newport,Harrogate,1.92,3.34,4.28,1.4486538,0.92551774,2022-01-10 18:27:42.836567
2022-01-15 15:00:00,England,National League,Grimsby,Altrincham,1.81,3.55,4.17,1.5885293,1.0531355,2022-01-10 18:27:42.836567
2022-01-15 15:00:00,England,National League,Wealdstone,Dover,1.39,4.57,7.33,2.5311763,0.87108546,2022-01-10 18:27:42.836567
2022-01-15 15:00:00,England,Premier League,Burnley,Leicester,3.08,3.36,2.4,1.225902,1.321735,2022-01-10 18:27:42.836567
2022-01-15 15:00:00,England,Premier League,Newcastle,Watford,2.03,3.74,3.57,1.6569237,1.3584865,2022-01-10 18:27:42.836567
2022-01-15 15:00:00,England,Premier League,Norwich,Everton,3.83,3.57,2.01,1.0785717,1.6548271,2022-01-10 18:27:42.836567
2022-01-15 15:00:00,England,Premier League,Wolves,Southampton,2.18,3.34,3.54,1.3736246,1.285548,2022-01-10 18:27:42.836567
2022-01-15 15:00:00,Northern Ireland,NIFL Premiership,Carrick Rangers,Glenavon,3.24,3.79,2.04,1.3030902,1.9718806,2022-01-10 18:27:42.836567
2022-01-15 15:00:00,Northern Ireland,NIFL Premiership,Larne,Dungannon,1.16,7.57,15.37,3.0071597,0.5896909,2022-01-10 18:27:42.836567
2022-01-15 15:00:00,Northern Ireland,NIFL Premiership,Linfield,Ballymena,1.36,4.91,8.09,1.859687,0.7993839,2022-01-10 18:27:42.836567
2022-01-15 15:00:00,Northern Ireland,NIFL Premiership,Portadown,Coleraine,5.69,4.34,1.52,0.87085587,1.9424185,2022-01-10 18:27:42.836567
2022-01-15 15:00:00,Northern Ireland,NIFL Premiership,Warrenpoint,Crusaders,6.43,4.83,1.43,1.0454987,2.4070966,2022-01-10 18:27:42.836567
2022-01-15 15:00:00,Scotland,Championship,Ayr,Morton,2.11,3.2,3.44,1.2871028,1.0128605,2022-01-10 18:27:42.836567
2022-01-15 15:00:00,Scotland,Championship,Dunfermline,Hamilton,2.63,3.35,2.52,1.2464014,1.3054128,2022-01-10 18:27:42.836567
2022-01-15 15:00:00,Scotland,Championship,Inverness,Queen of South,1.65,3.71,5.01,1.7083304,0.96215385,2022-01-10 18:27:42.836567
2022-01-15 15:00:00,Scotland,Championship,Raith,Arbroath,2.49,3.16,2.79,1.1655945,1.1934325,2022-01-10 18:27:42.836567
2022-01-15 15:00:00,Scotland,League One,Airdrieonians,Falkirk,2.05,3.55,3.19,1.6385404,1.045421,2022-01-10 18:27:42.836567
2022-01-15 15:00:00,Scotland,League One,Alloa,Queen's Park,2.72,3.27,2.43,1.1864272,1.2923641,2022-01-10 18:27:42.836567
2022-01-15 15:00:00,Scotland,League One,Cove Rangers,Montrose,2.05,3.39,3.34,1.4191653,1.1190634,2022-01-10 18:27:42.836567
2022-01-15 15:00:00,Scotland,League One,Dumbarton,East Fife,2.09,3.37,3.24,1.5510643,1.0942959,2022-01-10 18:27:42.836567
2022-01-15 15:00:00,Scotland,League One,Peterhead,Clyde,2.3,3.47,2.77,1.3607866,1.3241501,2022-01-10 18:27:42.836567
2022-01-15 15:00:00,Scotland,League Two,Annan,Forfar Athletic,2.42,3.49,2.61,1.5672523,1.4235026,2022-01-10 18:27:42.836567
2022-01-15 15:00:00,Scotland,League Two,Elgin City,Albion Rovers,2.2,3.32,3.06,1.3686981,1.094673,2022-01-10 18:27:42.836567
2022-01-15 15:00:00,Scotland,League Two,Kelty Hearts,Edinburgh City,1.42,4.58,6.33,1.9101992,0.9009334,2022-01-10 18:27:42.836567
2022-01-15 15:00:00,Scotland,League Two,Stenhousemuir,Cowdenbeath,1.69,3.47,4.88,1.6006469,0.9870919,2022-01-10 18:27:42.836567
2022-01-15 15:00:00,Scotland,League Two,Stranraer,Stirling,2.44,3.39,2.64,1.3762503,1.4921563,2022-01-10 18:27:42.836567
2022-01-15 15:00:00,Spain,Copa del Rey,Mallorca,Espanyol,2.5,2.96,3.16,1.1755874,1.2030991,2022-01-10 18:27:42.836567
2022-01-15 15:15:00,Belgium,Jupiler Pro League,Leuven,KV Mechelen,2.31,3.49,3.0,1.5887805,1.4783298,2022-01-10 18:27:42.836567
2022-01-15 15:15:00,Italy,Serie B,Pisa,Frosinone,2.5,3.21,2.89,1.2752075,1.0341905,2022-01-10 18:27:42.836567
2022-01-15 15:30:00,Israel,Ligat ha'Al,Hapoel Haifa,Maccabi Petah Tikva,2.35,3.24,3.09,1.2941519,1.1445554,2022-01-10 18:27:42.836567
2022-01-15 15:30:00,Netherlands,Eerste Divisie,Den Haag,Oss,1.35,5.0,7.37,2.3171215,0.92488885,2022-01-10 18:27:42.836567
2022-01-15 15:30:00,Portugal,Liga Portugal,Boavista,Gil Vicente,2.77,3.17,2.67,1.1690482,1.2787244,2022-01-10 18:27:42.836567
2022-01-15 15:30:00,Portugal,Liga Portugal 2,Penafiel,Vilafranquense,1.49,3.79,6.8,1.7103332,0.9925188,2022-01-10 18:27:42.836567
2022-01-15 16:00:00,France,Ligue 1,St Etienne,Lens,3.18,3.56,2.24,1.2596446,1.5562774,2022-01-10 18:27:42.836567
2022-01-15 16:00:00,Turkey,1. Lig,Kocaelispor,Ankaragucu,3.37,3.11,2.2,0.9031701,1.3063693,2022-01-10 18:27:42.836567
2022-01-15 16:00:00,Turkey,Super Lig,Basaksehir,Konyaspor,2.09,3.3,3.7,1.7281958,1.0689639,2022-01-10 18:27:42.836567
2022-01-15 16:00:00,Turkey,Super Lig,Antalyaspor,Fenerbahce,3.37,3.55,2.1,1.2528541,1.5711101,2022-01-10 18:27:42.836567
2022-01-15 17:00:00,Italy,Serie A,Salernitana,Lazio,6.76,4.42,1.5,0.97946763,2.0789068,2022-01-10 18:27:42.836567
2022-01-15 17:30:00,Belgium,Jupiler Pro League,Seraing,Royale Union SG,7.52,4.75,1.41,0.7515447,2.081106,2022-01-10 18:27:42.836567
2022-01-15 17:30:00,Belgium,Jupiler Pro League,Waregem,Oostende,2.22,3.71,3.0,1.6929594,1.5472834,2022-01-10 18:27:42.836567
2022-01-15 17:30:00,England,FA Trophy,Wrexham,Folkestone,1.27,5.4,9.39,2.2082136,0.6953004,2022-01-10 18:27:42.836567
2022-01-15 17:30:00,England,Premier League,Aston Villa,Manchester Utd,3.51,3.72,2.06,1.2212855,1.6858805,2022-01-10 18:27:42.836567
2022-01-15 17:30:00,Germany,Bundesliga,B. Monchengladbach,Bayer Leverkusen,2.54,3.81,2.62,1.5017523,1.5700332,2022-01-10 18:27:42.836567
2022-01-15 17:30:00,Spain,Copa del Rey,Gijon,Cadiz CF,2.69,3.09,2.79,1.0951828,1.3115517,2022-01-10 18:27:42.836567
2022-01-15 17:30:00,Spain,Copa del Rey,Girona,Rayo Vallecano,2.69,3.16,2.74,1.2022256,1.3151304,2022-01-10 18:27:42.836567
2022-01-15 17:45:00,Netherlands,Eredivisie,Nijmegen,Heracles,2.43,3.45,2.89,1.468727,1.4072797,2022-01-10 18:27:42.836567
2022-01-15 17:50:00,Israel,Ligat ha'Al,Hapoel Jerusalem,Maccabi Tel Aviv,8.84,4.36,1.4,0.60238355,1.2749187,2022-01-10 18:27:42.836567
2022-01-15 18:00:00,France,Ligue 2,Guingamp,Grenoble,1.89,3.37,4.24,1.4961472,0.9902324,2022-01-10 18:27:42.836567
2022-01-15 18:00:00,France,Ligue 2,Nancy,Bastia,2.8,3.2,2.56,1.1541687,1.3556411,2022-01-10 18:27:42.836567
2022-01-15 18:00:00,France,Ligue 2,Nimes,Valenciennes,2.13,2.95,4.0,1.3192157,0.88033444,2022-01-10 18:27:42.836567
2022-01-15 18:00:00,France,Ligue 2,Niort,Dunkerque,1.97,3.25,4.08,1.4487891,0.95740885,2022-01-10 18:27:42.836567
2022-01-15 18:00:00,France,Ligue 2,Quevilly Rouen,Amiens,2.81,3.3,2.49,1.149678,1.3662658,2022-01-10 18:27:42.836567
2022-01-15 18:00:00,France,Ligue 2,Rodez,Dijon,2.42,3.1,3.09,1.3409055,1.0552495,2022-01-10 18:27:42.836567
2022-01-15 18:00:00,France,Ligue 2,Sochaux,Caen,1.86,3.06,5.16,1.2873695,0.830521,2022-01-10 18:27:42.836567
2022-01-15 18:00:00,France,Ligue 2,Toulouse,Pau FC,1.59,3.87,5.81,1.8275771,0.9990624,2022-01-10 18:27:42.836567
2022-01-15 18:00:00,Portugal,Liga Portugal,Benfica,Moreirense,1.19,6.96,14.63,2.3991034,0.55969685,2022-01-10 18:27:42.836567
2022-01-15 18:00:00,Portugal,Liga Portugal,Braga,Maritimo,1.39,4.75,8.19,2.072851,0.7885549,2022-01-10 18:27:42.836567
2022-01-15 19:00:00,Netherlands,Eredivisie,Feyenoord,Vitesse,1.48,4.6,6.48,2.197175,1.061528,2022-01-10 18:27:42.836567
2022-01-15 19:00:00,Netherlands,Eredivisie,Twente,Heerenveen,1.99,3.55,3.81,1.73879,1.2435275,2022-01-10 18:27:42.836567
2022-01-15 19:30:00,Germany,2. Bundesliga,Darmstadt,Karlsruher SC,1.85,3.81,3.88,1.8896049,1.0791634,2022-01-10 18:27:42.836567
2022-01-15 19:45:00,Belgium,Jupiler Pro League,Club Brugge KV,St. Truiden,1.28,5.66,10.21,2.3531694,0.9126999,2022-01-10 18:27:42.836567
2022-01-15 19:45:00,Italy,Serie A,Juventus,Udinese,1.41,4.72,8.71,1.9803593,0.88535535,2022-01-10 18:27:42.836567
2022-01-15 20:00:00,France,Ligue 1,Paris SG,Brest,1.22,7.34,12.71,2.6644332,0.6049204,2022-01-10 18:27:42.836567
2022-01-15 20:00:00,Netherlands,Eredivisie,G.A. Eagles,Waalwijk,2.12,3.63,3.31,1.5703006,1.2705814,2022-01-10 18:27:42.836567
2022-01-15 20:30:00,Portugal,Liga Portugal,Estoril,Arouca,2.03,3.23,4.0,1.3667306,0.9566808,2022-01-10 18:27:42.836567
2022-01-15 20:30:00,Spain,Copa del Rey,Betis,Sevilla,2.8,3.17,2.62,1.3385048,1.4323103,2022-01-10 18:27:42.836567
2022-01-15 23:00:00,Mexico,Liga MX,Atlas,Atl. San Luis,1.76,3.49,4.77,1.5505672,0.84344876,2022-01-10 18:27:42.836567
2022-01-16 01:00:00,Mexico,Liga MX,U.A.N.L.- Tigres,Puebla,1.79,3.48,4.6,1.5644736,0.84894943,2022-01-10 18:27:42.836567
2022-01-16 03:00:00,Mexico,Liga MX,Cruz Azul,Juarez,1.59,3.89,5.6,1.9079987,0.9192556,2022-01-10 18:27:42.836567
2022-01-16 03:06:00,Mexico,Liga MX,Club Tijuana,Club Leon,3.4,3.27,2.15,0.93381304,1.3087968,2022-01-10 18:27:42.836567
2022-01-16 07:45:00,Australia,A-League,WS Wanderers,Melbourne Victory,2.43,3.49,2.75,1.5812097,1.4623284,2022-01-10 18:27:42.836567
2022-01-16 10:30:00,Turkey,1. Lig,Tuzlaspor,Altinordu,1.79,3.54,4.36,1.2514988,1.0720367,2022-01-10 18:27:42.836567
2022-01-16 10:30:00,Turkey,1. Lig,Keciorengucu,Eyupspor,3.14,3.29,2.23,1.1969749,1.4534594,2022-01-10 18:27:42.836567
2022-01-16 10:30:00,Turkey,Super Lig,Altay,Alanyaspor,2.42,3.56,2.79,1.5263433,1.3530256,2022-01-10 18:27:42.836567
2022-01-16 11:00:00,Portugal,Liga Portugal 2,Nacional,Benfica B,2.18,3.35,3.07,1.4033799,1.1320027,2022-01-10 18:27:42.836567
2022-01-16 11:00:00,Spain,Copa del Rey,Baleares,Valencia,7.45,4.77,1.41,0.7684237,2.0877807,2022-01-10 18:27:42.836567
2022-01-16 11:15:00,Netherlands,Eredivisie,Utrecht,Ajax,6.49,4.96,1.44,0.91260517,2.2359872,2022-01-10 18:27:42.836567
2022-01-16 11:30:00,Italy,Serie A,Sassuolo,Verona,2.23,3.6,3.2,1.7175065,1.2551812,2022-01-10 18:27:42.836567
2022-01-16 12:00:00,England,Championship,Hull,Stoke,2.91,3.34,2.47,1.1971639,1.3639227,2022-01-10 18:27:42.836567
2022-01-16 12:00:00,France,Ligue 1,Rennes,Bordeaux,1.41,4.97,7.6,2.2004616,0.8454793,2022-01-10 18:27:42.836567
2022-01-16 12:00:00,Germany,3. Liga,Verl,Wurzburger Kickers,2.15,3.37,3.17,1.3132268,1.2177577,2022-01-10 18:27:42.836567
2022-01-16 12:30:00,Belgium,Jupiler Pro League,Antwerp,Charleroi,1.99,3.63,3.6,1.5462899,1.356741,2022-01-10 18:27:42.836567
2022-01-16 12:30:00,Germany,2. Bundesliga,Schalke,Holstein Kiel,1.85,3.79,3.95,1.8495495,1.1223198,2022-01-10 18:27:42.836567
2022-01-16 12:30:00,Germany,2. Bundesliga,Heidenheim,Ingolstadt,1.67,3.85,4.99,2.0397003,1.0541981,2022-01-10 18:27:42.836567
2022-01-16 12:30:00,Germany,2. Bundesliga,Sandhausen,Regensburg,3.07,3.52,2.23,1.4415963,1.4402809,2022-01-10 18:27:42.836567
2022-01-16 13:00:00,Germany,3. Liga,Viktoria Berlin,Braunschweig,2.93,3.31,2.31,1.2233038,1.3642024,2022-01-10 18:27:42.836567
2022-01-16 13:00:00,Spain,LaLiga,Elche,Villarreal,4.51,3.5,1.87,1.0844728,1.0661925,2022-01-10 18:27:42.836567
2022-01-16 13:00:00,Turkey,1. Lig,Balikesirspor,Samsunspor,6.64,3.96,1.49,0.5937053,2.0404832,2022-01-10 18:27:42.836567
2022-01-16 13:00:00,Turkey,Super Lig,Giresunspor,Kasimpasa,1.97,3.49,3.87,1.7294263,1.1766444,2022-01-10 18:27:42.836567
2022-01-16 13:30:00,Netherlands,Eredivisie,Groningen,PSV,7.89,5.1,1.38,0.90728456,2.0139422,2022-01-10 18:27:42.836567
2022-01-16 13:30:00,Netherlands,Eredivisie,Cambuur,Sparta Rotterdam,2.42,3.62,2.77,1.4982815,1.5077484,2022-01-10 18:27:42.836567
2022-01-16 14:00:00,England,Premier League,Liverpool,Brentford,1.34,5.35,9.54,2.384038,0.6788511,2022-01-10 18:27:42.836567
2022-01-16 14:00:00,England,Premier League,West Ham,Leeds,1.69,4.1,4.94,2.0507913,1.0320157,2022-01-10 18:27:42.836567
2022-01-16 14:00:00,France,Ligue 1,Lorient,Angers,2.4,3.4,3.0,1.3262281,1.2450923,2022-01-10 18:27:42.836567
2022-01-16 14:00:00,France,Ligue 1,Monaco,Clermont,1.47,4.71,6.7,2.1072135,0.9733433,2022-01-10 18:27:42.836567
2022-01-16 14:00:00,France,Ligue 1,Reims,Metz,1.97,3.39,4.14,1.4229131,0.9981695,2022-01-10 18:27:42.836567
2022-01-16 14:00:00,France,Ligue 1,Strasbourg,Montpellier,1.85,3.79,4.19,1.8804063,1.1290505,2022-01-10 18:27:42.836567
2022-01-16 14:00:00,Italy,Serie A,Venezia,Empoli,2.68,3.62,2.56,1.5007035,1.513939,2022-01-10 18:27:42.836567
2022-01-16 14:00:00,Portugal,Liga Portugal 2,Trofense,FC Porto B,2.6,3.27,2.54,1.2235473,1.2668002,2022-01-10 18:27:42.836567
2022-01-16 14:30:00,Germany,Bundesliga,Augsburg,Eintracht Frankfurt,3.38,3.53,2.17,1.3194789,1.6120083,2022-01-10 18:27:42.836567
2022-01-16 15:00:00,Belgium,Jupiler Pro League,Eupen,Cercle Brugge KSV,3.16,3.27,2.31,1.2365403,1.7256728,2022-01-10 18:27:42.836567
2022-01-16 15:15:00,Italy,Serie B,Monza,Perugia,2.12,3.24,3.59,1.4967219,1.0957032,2022-01-10 18:27:42.836567
2022-01-16 15:15:00,Italy,Serie B,Pordenone,Lecce,4.29,3.42,1.88,0.89588743,1.4699464,2022-01-10 18:27:42.836567
2022-01-16 15:15:00,Italy,Serie B,Spal,Benevento,3.06,3.35,2.31,1.2350057,1.5001636,2022-01-10 18:27:42.836567
2022-01-16 15:30:00,Portugal,Liga Portugal,Santa Clara,Tondela,2.02,3.25,4.03,1.4267685,0.76868486,2022-01-10 18:27:42.836567
2022-01-16 15:45:00,Netherlands,Eredivisie,Sittard,AZ Alkmaar,6.37,4.76,1.47,0.9229218,1.8646007,2022-01-10 18:27:42.836567
2022-01-16 16:00:00,Turkey,1. Lig,Bursaspor,Erzurum BB,2.86,3.41,2.36,1.1257994,1.3698988,2022-01-10 18:27:42.836567
2022-01-16 16:00:00,Turkey,Super Lig,Hatayspor,Galatasaray,3.14,3.45,2.24,1.2850372,1.312805,2022-01-10 18:27:42.836567
2022-01-16 16:05:00,France,Ligue 1,Troyes,Lyon,4.03,3.95,1.85,1.1609436,1.9894142,2022-01-10 18:27:42.836567
2022-01-16 16:30:00,England,Premier League,Tottenham,Arsenal,2.52,3.36,2.91,1.3624282,1.2823614,2022-01-10 18:27:42.836567
2022-01-16 16:30:00,Germany,Bundesliga,Arminia Bielefeld,Greuther Furth,1.91,3.72,4.0,1.8596808,0.9270948,2022-01-10 18:27:42.836567
2022-01-16 17:00:00,Israel,Ligat ha'Al,Hapoel Hadera,Ashdod,3.2,3.15,2.35,0.97095513,1.271755,2022-01-10 18:27:42.836567
2022-01-16 17:00:00,Italy,Serie A,AS Roma,Cagliari,1.39,4.99,8.3,1.9699411,0.83079416,2022-01-10 18:27:42.836567
2022-01-16 17:30:00,Belgium,Jupiler Pro League,Anderlecht,St. Liege,1.46,4.64,6.45,2.4701934,1.1146501,2022-01-10 18:27:42.836567
2022-01-16 17:30:00,Italy,Serie B,L.R. Vicenza,Alessandria,2.41,3.4,2.84,1.406291,1.333975,2022-01-10 18:27:42.836567
2022-01-16 18:00:00,Israel,Ligat ha'Al,Kiryat Shmona,Beitar Jerusalem,2.48,3.21,2.95,1.2565594,1.0718166,2022-01-10 18:27:42.836567
2022-01-16 18:00:00,Mexico,Liga MX,Toluca,Santos Laguna,2.42,3.24,2.92,1.3213282,1.0788261,2022-01-10 18:27:42.836567
2022-01-16 18:00:00,Portugal,Liga Portugal,Vizela,Sporting,7.99,4.98,1.38,0.92812437,2.1608481,2022-01-10 18:27:42.836567
2022-01-16 18:30:00,Portugal,Liga Portugal,Famalicao,Ferreira,2.15,3.19,3.65,1.4425788,0.9312409,2022-01-10 18:27:42.836567
2022-01-16 19:30:00,Portugal,Liga Portugal 2,Chaves,Varzim,1.67,3.49,5.07,1.6018555,0.97334397,2022-01-10 18:27:42.836567
2022-01-16 19:45:00,France,Ligue 1,Marseille,Lille,2.35,3.43,3.11,1.5366315,1.2504251,2022-01-10 18:27:42.836567
2022-01-16 19:45:00,Italy,Serie A,Atalanta,Inter,2.93,3.83,2.29,1.4670874,1.7015415,2022-01-10 18:27:42.836567
2022-01-16 20:00:00,Belgium,Jupiler Pro League,Genk,Beerschot VA,1.32,5.55,8.84,2.2289653,0.75638425,2022-01-10 18:27:42.836567
2022-01-16 20:30:00,Portugal,Liga Portugal,Belenenses,FC Porto,14.88,7.08,1.19,0.76258886,2.5565665,2022-01-10 18:27:42.836567
2022-01-16 21:00:00,World,Friendly International,Peru,Panama,1.61,3.6,5.13,1.480459,0.8625586,2022-01-10 18:27:42.836567
